"Num MPI ranks","Num nodes","cpu time used","zone-cycles/cpu_second"
4,1,3.276628e+02,1.749084e+08
8,2,8.155667e+02,1.405427e+08
16,4,1.419916e+03,1.614489e+08
32,8,1.584831e+03,2.892976e+08
64,16,1.625620e+03,5.640773e+08
